21,BAS/W,GAMES/21.TXT,004A,E2B3
ACEY DUCEY CARD GAME,BAS/W,GAMES/ACEYDUCE.TXT,004A,E2B3
BOWL,BAS/W,GAMES/BOWL.TXT,004A,E2B3
BUZZWORD,BAS/W,GAMES/BUZZWORD.TXT,004A,E2B3
CRAP GAME,BAS/W,GAMES/CRAPS.TXT,004A,E2B3
DEAL OR NO DEAL,BAS/W,GAMES/DEAL.TXT,004A,E2B3
HAMURABI,BAS/W,GAMES/HAMURABI.TXT,004A,E2B3
SLOTS,BAS/W,GAMES/SLOTS.TXT,004A,E2B3
STAR TREK 2003,BAS/W,GAMES/START2K3.TXT,004A,E2B3
STAR TREK,BAS/W,GAMES/STARTREK.TXT,004A,E2B3
TIMBERMAN,HEX,GAMES/TIMBRMAN.TXT,0300,0300
WUMPUS,BAS/W,GAMES/WUMPUS.TXT,004A,E2B3
